Frequency,Ionic radius ,Temperature,Re(Z),Img(Z)
1000000.0,1.82e-10,20,4565.279999999984,11632.199999999937
926000.0,1.82e-10,20,4812.939999999998,12171.399999999983
858000.0,1.82e-10,20,4751.8400000000065,12946.800000000367
794000.0,1.82e-10,20,5424.639999999975,13942.400000000198
736000.0,1.82e-10,20,6048.53999999997,13825.20000000002
681000.0,1.82e-10,20,6704.479999999959,15558.199999999817
631000.0,1.82e-10,20,7174.839999999961,15253.19999999981
584000.0,1.82e-10,20,7972.69999999998,16315.800000000167
541000.0,1.82e-10,20,8440.879999999976,16673.400000000183
501000.0,1.82e-10,20,9587.980000000023,17963.80000000049
464000.0,1.82e-10,20,10620.579999999989,18987.6000000001
430000.0,1.82e-10,20,11128.619999999988,18861.000000000076
398000.0,1.82e-10,20,13193.580000000025,20375.400000000438
369000.0,1.82e-10,20,13467.960000000028,20620.200000000415
341000.0,1.82e-10,20,14731.540000000068,21463.1999999999
316000.0,1.82e-10,20,15471.000000000091,22159.399999999812
293000.0,1.82e-10,20,16169.000000000044,22572.600000000508
271000.0,1.82e-10,20,17541.39999999999,23346.000000000447
251000.0,1.82e-10,20,19417.199999999986,24239.199999999615
233000.0,1.82e-10,20,19796.399999999987,24387.19999999966
215000.0,1.82e-10,20,20718.399999999976,24562.600000000537
200000.0,1.82e-10,20,20727.39999999997,24470.80000000051
185000.0,1.82e-10,20,22451.000000000076,25283.199999999746
171000.0,1.82e-10,20,23816.000000000135,25886.79999999935
158000.0,1.82e-10,20,24537.600000000144,26070.399999999216
147000.0,1.82e-10,20,26337.200000000135,26563.799999999166
136000.0,1.82e-10,20,27829.000000000124,27096.19999999931
126000.0,1.82e-10,20,28933.20000000004,27707.800000000305
117000.0,1.82e-10,20,29867.599999999915,28191.200000000485
108000.0,1.82e-10,20,30202.59999999993,28269.40000000047
100000.0,1.82e-10,20,32002.20000000007,29156.599999999857
92600.0,1.82e-10,20,33762.0000000002,29962.79999999941
85800.0,1.82e-10,20,34247.20000000031,30248.599999999336
79400.0,1.82e-10,20,35542.00000000026,30836.600000000217
73600.0,1.82e-10,20,36125.60000000025,31159.80000000028
68100.0,1.82e-10,20,37449.2000000001,32073.399999999685
63100.0,1.82e-10,20,38130.6,32576.99999999951
58400.0,1.82e-10,20,39019.99999999986,33274.799999999865
54100.0,1.82e-10,20,39295.999999999854,33446.199999999924
50100.0,1.82e-10,20,40586.999999999854,34345.00000000003
46400.0,1.82e-10,20,43064.99999999977,36150.80000000026
43000.0,1.82e-10,20,44009.599999999744,36798.99999999985
39800.0,1.82e-10,20,45436.399999999805,38081.80000000015
36900.0,1.82e-10,20,46449.60000000017,38806.80000000021
34100.0,1.82e-10,20,48036.59999999995,40319.40000000032
31600.0,1.82e-10,20,49623.60000000011,41574.999999999476
29300.0,1.82e-10,20,50488.00000000018,42521.99999999919
27100.0,1.82e-10,20,52526.199999999604,44364.79999999966
25100.0,1.82e-10,20,54180.399999999696,45879.80000000006
23300.0,1.82e-10,20,55143.6000000001,46783.60000000026
21500.0,1.82e-10,20,56846.99999999987,48501.20000000013
19900.0,1.82e-10,20,58708.00000000014,50553.20000000006
18500.0,1.82e-10,20,59883.20000000016,51747.20000000001
17100.0,1.82e-10,20,61165.400000000176,52962.20000000001
15800.0,1.82e-10,20,63540.000000000124,55257.80000000004
14700.0,1.82e-10,20,64762.600000000035,56422.59999999993
13600.0,1.82e-10,20,67877.9999999998,59477.59999999963
12600.0,1.82e-10,20,70062.99999999965,61677.99999999944
11700.0,1.82e-10,20,72379.99999999964,63742.59999999934
10800.0,1.82e-10,20,77954.8000000001,68231.59999999931
10000.0,1.82e-10,20,81590.20000000026,71715.59999999925
9260.0,1.82e-10,20,83799.19999999981,73490.99999999936
8570.0,1.82e-10,20,89480.59999999958,77519.79999999933
7940.0,1.82e-10,20,92655.99999999943,79691.99999999946
7350.0,1.82e-10,20,96478.59999999932,82152.80000000002
6810.0,1.82e-10,20,101211.79999999993,84470.19999999883
6310.0,1.82e-10,20,103528.40000000049,85919.9999999991
5840.0,1.82e-10,20,103916.40000000049,85959.5999999991
5410.0,1.82e-10,20,108699.60000000056,87553.59999999897
5010.0,1.82e-10,20,115013.60000000066,89599.99999999885
4640.0,1.82e-10,20,127516.60000000079,93775.99999999865
4300.0,1.82e-10,20,132624.20000000048,95145.59999999902
3980.0,1.82e-10,20,140694.4,96708.99999999936
3690.0,1.82e-10,20,144565.99999999965,97087.20000000064
3420.0,1.82e-10,20,151727.9999999992,97185.40000000138
3160.0,1.82e-10,20,160312.00000000087,96257.40000000145
2930.0,1.82e-10,20,164796.00000000064,95549.20000000147
2710.0,1.82e-10,20,171405.99999999983,94374.20000000023
2510.0,1.82e-10,20,180682.00000000087,91760.79999999925
2330.0,1.82e-10,20,184874.00000000058,90536.99999999948
2150.0,1.82e-10,20,191711.99999999919,88070.40000000125
2000.0,1.82e-10,20,195260.00000000047,86457.60000000127
1850.0,1.82e-10,20,200419.9999999995,83198.200000001
1710.0,1.82e-10,20,204889.9999999987,80129.80000000107
1580.0,1.82e-10,20,211572.00000000148,75874.40000000085
1470.0,1.82e-10,20,214240.00000000186,74133.20000000071
1360.0,1.82e-10,20,219201.99999999884,69130.7999999994
1260.0,1.82e-10,20,221672.0000000005,66549.39999999934
1170.0,1.82e-10,20,223448.0000000007,64442.399999999645
1080.0,1.82e-10,20,229181.99999999968,57277.00000000061
1000.0,1.82e-10,20,231299.9999999993,54804.99999999944
926.0,1.82e-10,20,233315.99999999994,51211.19999999941
858.0,1.82e-10,20,234421.9999999991,48655.59999999953
794.0,1.82e-10,20,236051.99999999968,44603.199999999655
736.0,1.82e-10,20,236841.9999999998,42608.599999999664
681.0,1.82e-10,20,239072.00000000038,37130.79999999926
631.0,1.82e-10,20,239910.000000001,34640.19999999957
584.0,1.82e-10,20,241518.0000000002,30855.39999999918
541.0,1.82e-10,20,241204.0000000008,29099.199999999444
501.0,1.82e-10,20,241112.00000000116,25391.199999999502
464.0,1.82e-10,20,241272.0000000008,22712.39999999952
430.0,1.82e-10,20,241318.00000000073,21657.799999999595
398.0,1.82e-10,20,241857.99999999983,17682.399999999667
369.0,1.82e-10,20,241855.9999999998,15786.600000000082
341.0,1.82e-10,20,241062.00000000137,13215.00000000003
316.0,1.82e-10,20,241016.00000000148,11427.239999999701
293.0,1.82e-10,20,240944.00000000146,10780.620000000123
271.0,1.82e-10,20,240342.00000000067,9260.160000000113
251.0,1.82e-10,20,238711.99999999924,5909.279999999829
233.0,1.82e-10,20,238079.99999999927,4775.879999999896
215.0,1.82e-10,20,237212.0000000007,3602.770000000198
200.0,1.82e-10,20,236932.00000000064,3230.5100000001944
185.0,1.82e-10,20,235199.99999999933,535.2299999999308
171.0,1.82e-10,20,234363.99999999907,-272.0700000002218
159.0,1.82e-10,20,233937.99999999895,-714.7100000002384
147.0,1.82e-10,20,232001.9999999997,-1645.020000000247
136.0,1.82e-10,20,230768.0,-3048.469999999734
126.0,1.82e-10,20,229824.00000000195,-3622.4999999997044
117.0,1.82e-10,20,229192.00000000186,-3621.1599999996397
108.0,1.82e-10,20,227550.00000000064,-4371.819999999908
100.0,1.82e-10,20,226030.00000000157,-4624.599999999845
92.6,1.82e-10,20,225016.00000000073,-4574.680000000072
85.8,1.82e-10,20,224482.00000000026,-4566.540000000126
79.4,1.82e-10,20,222645.9999999992,-4718.220000000233
73.6,1.82e-10,20,222078.0000000004,-4836.639999999927
68.1,1.82e-10,20,220001.99999999846,-4560.099999999916
63.1,1.82e-10,20,219133.99999999788,-4136.879999999763
58.4,1.82e-10,20,217317.99999999945,-3459.4599999998795
54.1,1.82e-10,20,216310.00000000058,-3328.559999999987
50.1,1.82e-10,20,214854.00000000186,-3784.594000000248
46.4,1.82e-10,20,213892.00000000096,-1936.4860000001954
43.0,1.82e-10,20,213243.9999999997,-1578.6260000001382
39.8,1.82e-10,20,212465.99999999884,-861.9040000003918
36.9,1.82e-10,20,211893.99999999927,-99.12400000023123
34.1,1.82e-10,20,211316.00000000058,938.6200000002405
31.6,1.82e-10,20,210216.0000000012,2829.2500000003133
29.3,1.82e-10,20,209760.0000000014,3846.0880000003226
27.1,1.82e-10,20,207356.00000000116,8373.085999999903
25.1,1.82e-10,20,207014.00000000114,9089.563999999897
23.3,1.82e-10,20,206812.00000000096,9572.74599999986
21.6,1.82e-10,20,206434.0000000005,11869.99999999961
20.0,1.82e-10,20,205463.99999999886,13136.699999999457
18.5,1.82e-10,20,204903.99999999814,14484.899999999432
17.1,1.82e-10,20,204143.99999999744,18685.399999999503
15.8,1.82e-10,20,204273.9999999975,21068.199999999473
14.7,1.82e-10,20,204687.99999999776,22373.199999999862
13.6,1.82e-10,20,204355.99999999756,26136.400000000216
12.6,1.82e-10,20,204881.99999999814,28116.40000000019
11.7,1.82e-10,20,205221.9999999986,29616.200000000066
10.8,1.82e-10,20,206353.99999999962,35350.9999999994
10.0,1.82e-10,20,207699.9999999989,40068.99999999943
9.26,1.82e-10,20,208555.9999999991,42522.19999999947
8.58,1.82e-10,20,208849.99999999904,43356.99999999951
7.94,1.82e-10,20,210908.0000000008,48233.79999999982
7.36,1.82e-10,20,211631.99999999924,50476.80000000038
6.81,1.82e-10,20,213860.00000000087,54878.800000000745
6.31,1.82e-10,20,215908.00000000026,57945.40000000054
5.84,1.82e-10,20,218542.00000000087,61722.99999999973
5.41,1.82e-10,20,221320.00000000114,65615.59999999926
5.01,1.82e-10,20,224774.00000000105,70109.19999999984
4.64,1.82e-10,20,228674.00000000148,73967.4000000007
4.3,1.82e-10,20,231170.00000000102,76393.20000000084
3.98,1.82e-10,20,236478.0000000011,81785.20000000115
3.69,1.82e-10,20,240826.0000000005,85921.40000000114
3.41,1.82e-10,20,244977.99999999916,89574.40000000093
3.16,1.82e-10,20,249110.00000000073,93396.00000000076
2.93,1.82e-10,20,252166.00000000012,95279.00000000057
2.71,1.82e-10,20,259098.00000000073,99039.39999999934
2.51,1.82e-10,20,261969.99999999994,100812.40000000031
2.33,1.82e-10,20,265425.99999999977,103040.40000000013
2.15,1.82e-10,20,275605.9999999997,108877.99999999901
2.0,1.82e-10,20,279130.0000000009,109811.39999999964
1.85,1.82e-10,20,284182.0000000002,110991.60000000078
1.71,1.82e-10,20,290524.00000000093,113357.9999999998
1.58,1.82e-10,20,297964.00000000244,115892.00000000099
1.47,1.82e-10,20,300220.00000000274,116850.00000000137
1.36,1.82e-10,20,307704.0000000022,120322.00000000212
1.26,1.82e-10,20,311862.0000000011,120682.00000000212
1.17,1.82e-10,20,314998.0000000007,120450.00000000176
1.08,1.82e-10,20,323756.0000000004,119456.00000000063
1.0,1.82e-10,20,326681.9999999983,119874.00000000076
1000000.0,1.82e-10,60,4489.959999999991,11847.200000000072
926000.0,1.82e-10,60,4701.720000000027,12384.19999999971
858000.0,1.82e-10,60,5285.199999999989,12774.800000000074
794000.0,1.82e-10,60,5835.299999999973,13939.000000000446
736000.0,1.82e-10,60,6373.299999999979,14270.199999999704
681000.0,1.82e-10,60,7336.620000000014,15342.79999999994
631000.0,1.82e-10,60,7948.8599999999515,15579.600000000297
584000.0,1.82e-10,60,8867.879999999981,16129.200000000234
541000.0,1.82e-10,60,9303.260000000017,16734.60000000028
501000.0,1.82e-10,60,10517.840000000026,17586.40000000023
464000.0,1.82e-10,60,11593.659999999969,18234.399999999885
430000.0,1.82e-10,60,12285.159999999954,18616.599999999635
398000.0,1.82e-10,60,13732.000000000044,19320.40000000058
369000.0,1.82e-10,60,14470.200000000052,19738.20000000047
341000.0,1.82e-10,60,15680.399999999943,20363.999999999636
316000.0,1.82e-10,60,16755.79999999991,20666.200000000266
293000.0,1.82e-10,60,17267.599999999937,20725.600000000322
271000.0,1.82e-10,60,18886.4,21443.400000000398
251000.0,1.82e-10,60,20608.59999999989,22112.000000000786
233000.0,1.82e-10,60,21175.40000000002,22276.400000000755
215000.0,1.82e-10,60,22440.80000000006,22317.000000000302
200000.0,1.82e-10,60,22677.000000000076,22373.60000000023
185000.0,1.82e-10,60,23358.600000000093,22512.200000000055
171000.0,1.82e-10,60,25862.40000000013,23418.599999999595
158000.0,1.82e-10,60,27103.200000000008,23725.399999999612
147000.0,1.82e-10,60,27998.799999999934,23980.799999999635
136000.0,1.82e-10,60,29161.999999999778,24214.600000000086
126000.0,1.82e-10,60,30074.399999999812,24398.40000000005
117000.0,1.82e-10,60,31425.199999999913,24972.199999999768
108000.0,1.82e-10,60,32438.0000000001,25170.400000000478
100000.0,1.82e-10,60,33746.59999999997,25579.000000000717
92600.0,1.82e-10,60,35135.20000000013,25895.39999999989
85800.0,1.82e-10,60,35304.00000000018,25796.000000000015
79400.0,1.82e-10,60,37038.000000000124,26518.7999999996
73600.0,1.82e-10,60,38111.2000000002,26780.600000000246
68100.0,1.82e-10,60,39169.00000000015,27190.799999999956
63100.0,1.82e-10,60,40180.20000000018,27723.399999999627
58400.0,1.82e-10,60,42073.79999999976,28692.600000000275
54100.0,1.82e-10,60,42203.59999999975,28682.600000000337
50100.0,1.82e-10,60,42614.39999999976,28713.20000000027
46400.0,1.82e-10,60,45042.59999999995,29799.599999999526
43000.0,1.82e-10,60,46247.40000000012,30588.799999999384
39800.0,1.82e-10,60,47466.40000000024,31298.00000000033
36900.0,1.82e-10,60,47878.00000000022,31243.800000000258
34100.0,1.82e-10,60,49418.00000000004,31834.79999999968
31600.0,1.82e-10,60,51733.80000000021,33126.39999999961
29300.0,1.82e-10,60,53177.79999999974,34043.4000000002
27100.0,1.82e-10,60,54248.199999999975,34258.79999999996
25100.0,1.82e-10,60,57607.199999999866,36327.999999999556
23300.0,1.82e-10,60,58464.20000000016,36845.19999999957
21500.0,1.82e-10,60,60874.80000000018,37741.79999999973
19900.0,1.82e-10,60,62101.79999999995,38347.00000000022
18500.0,1.82e-10,60,64132.00000000013,39367.79999999982
17100.0,1.82e-10,60,66606.9999999998,40069.39999999992
15800.0,1.82e-10,60,69422.60000000014,41250.800000000636
14700.0,1.82e-10,60,71055.40000000042,41850.600000000195
13600.0,1.82e-10,60,73053.40000000015,42434.00000000036
12600.0,1.82e-10,60,76383.40000000034,43613.40000000015
11700.0,1.82e-10,60,77118.60000000043,43932.20000000009
10800.0,1.82e-10,60,77837.60000000041,44409.0
10000.0,1.82e-10,60,83378.39999999997,44821.19999999976
9260.0,1.82e-10,60,87253.59999999948,44595.79999999951
8570.0,1.82e-10,60,90717.40000000014,44735.2000000003
7940.0,1.82e-10,60,93182.59999999993,44671.8000000004
7350.0,1.82e-10,60,95146.40000000036,44781.00000000008
6810.0,1.82e-10,60,100237.80000000042,43795.59999999923
6310.0,1.82e-10,60,102313.9999999998,43305.19999999912
5840.0,1.82e-10,60,104436.00000000051,42617.1999999998
5410.0,1.82e-10,60,107284.40000000021,41905.99999999999
5010.0,1.82e-10,60,110166.40000000037,40717.99999999919
4640.0,1.82e-10,60,114043.99999999972,39157.19999999947
4300.0,1.82e-10,60,114777.99999999987,39074.599999999824
3980.0,1.82e-10,60,117742.00000000017,37600.400000000685
3690.0,1.82e-10,60,118050.00000000007,37434.60000000076
3420.0,1.82e-10,60,122433.99999999905,34385.000000000015
3160.0,1.82e-10,60,124753.99999999953,33003.400000000634
2930.0,1.82e-10,60,126559.99999999929,31739.200000000394
2710.0,1.82e-10,60,128471.99999999967,30260.999999999618
2510.0,1.82e-10,60,130522.00000000023,27845.20000000058
2330.0,1.82e-10,60,131424.00000000073,27289.80000000059
2150.0,1.82e-10,60,132518.00000000064,26950.000000000447
2000.0,1.82e-10,60,133662.00000000035,24741.200000000797
1850.0,1.82e-10,60,134898.0,23231.400000000755
1710.0,1.82e-10,60,136645.9999999993,21503.200000000114
1580.0,1.82e-10,60,137751.99999999886,20372.999999999407
1470.0,1.82e-10,60,137815.99999999895,20259.19999999938
1360.0,1.82e-10,60,139212.0000000004,17009.1999999993
1260.0,1.82e-10,60,139952.00000000032,15711.799999999714
1170.0,1.82e-10,60,140100.0000000003,15073.400000000183
1080.0,1.82e-10,60,141071.99999999983,14091.600000000286
1000.0,1.82e-10,60,141373.9999999996,13242.320000000509
926.0,1.82e-10,60,141891.99999999945,12472.160000000284
858.0,1.82e-10,60,142011.99999999953,12241.460000000243
794.0,1.82e-10,60,143470.00000000064,9464.440000000195
736.0,1.82e-10,60,143620.00000000073,9319.940000000175
681.0,1.82e-10,60,144418.00000000076,8609.200000000417
631.0,1.82e-10,60,144686.00000000081,8497.62000000026
584.0,1.82e-10,60,144806.00000000081,6674.120000000385
541.0,1.82e-10,60,145110.0000000008,6503.780000000349
501.0,1.82e-10,60,145289.99999999997,5048.3600000002225
464.0,1.82e-10,60,145366.0,4446.440000000034
430.0,1.82e-10,60,145515.99999999994,4291.300000000015
398.0,1.82e-10,60,145335.99999999988,3163.440000000001
369.0,1.82e-10,60,145299.99999999985,2697.7040000002025
341.0,1.82e-10,60,145167.9999999998,2035.5440000003907
316.0,1.82e-10,60,145149.99999999977,1626.8760000000937
293.0,1.82e-10,60,145177.99999999977,1371.0699999999226
271.0,1.82e-10,60,145001.99999999977,772.7719999996384
251.0,1.82e-10,60,144993.9999999998,459.42199999975304
233.0,1.82e-10,60,144991.9999999998,264.72800000012273
215.0,1.82e-10,60,144793.9999999999,-132.47799999983516
200.0,1.82e-10,60,144368.00000000032,-245.59600000000862
185.0,1.82e-10,60,144238.0000000005,-344.5480000000025
171.0,1.82e-10,60,144024.00000000058,-425.1239999999034
159.0,1.82e-10,60,143932.0000000006,-430.5779999998856
147.0,1.82e-10,60,143784.00000000067,-437.2559999998381
136.0,1.82e-10,60,143350.00000000081,-391.8259999998386
126.0,1.82e-10,60,143162.00000000081,-262.541999999791
117.0,1.82e-10,60,143140.00000000081,14.37600000040221
108.0,1.82e-10,60,143014.0000000008,296.13200000044486
100.0,1.82e-10,60,142954.00000000076,599.5280000003695
92.6,1.82e-10,60,142802.00000000055,813.8440000003108
85.8,1.82e-10,60,142798.00000000055,822.936000000309
79.4,1.82e-10,60,142329.99999999988,1516.256000000003
73.6,1.82e-10,60,142301.99999999983,1585.217999999998
68.1,1.82e-10,60,142716.00000000035,2194.4339999996614
63.1,1.82e-10,60,142299.99999999983,2591.185999999789
58.4,1.82e-10,60,142177.99999999962,3211.5919999999564
54.1,1.82e-10,60,142193.99999999962,3658.332000000011
50.1,1.82e-10,60,142528.0000000001,4380.0480000002
46.4,1.82e-10,60,142650.00000000032,5111.210000000173
43.0,1.82e-10,60,142211.99999999968,5762.5999999997075
39.8,1.82e-10,60,142516.00000000003,6527.5499999999
36.9,1.82e-10,60,142846.00000000058,7761.3800000000365
34.1,1.82e-10,60,142898.00000000076,8576.17999999997
31.6,1.82e-10,60,142850.0000000008,9067.81999999991
29.3,1.82e-10,60,142742.0000000007,8939.199999999957
27.1,1.82e-10,60,143042.00000000038,10370.620000000014
25.1,1.82e-10,60,143666.0000000003,12774.340000000357
23.3,1.82e-10,60,143534.0000000003,12743.580000000353
21.6,1.82e-10,60,144595.99999999974,15241.419999999718
20.0,1.82e-10,60,145193.9999999996,16570.639999999607
18.5,1.82e-10,60,144831.99999999962,16585.239999999652
17.1,1.82e-10,60,146762.00000000108,20425.799999999515
15.8,1.82e-10,60,146912.00000000105,21890.999999999498
14.7,1.82e-10,60,148334.00000000114,23890.599999999577
13.6,1.82e-10,60,149924.00000000044,25684.99999999975
12.6,1.82e-10,60,150388.0000000003,27499.600000000115
11.7,1.82e-10,60,150986.00000000035,28647.200000000204
10.8,1.82e-10,60,152410.00000000044,30342.400000000172
10.0,1.82e-10,60,155311.99999999953,33829.4000000007
9.26,1.82e-10,60,156231.99999999945,34790.40000000066
8.58,1.82e-10,60,158389.99999999936,37016.000000000284
7.94,1.82e-10,60,161563.99999999965,39403.99999999966
7.36,1.82e-10,60,163293.99999999872,41208.5999999992
6.81,1.82e-10,60,165602.00000000017,43723.200000000135
6.31,1.82e-10,60,165328.0000000002,44762.000000000065
5.84,1.82e-10,60,170404.0000000008,47322.20000000022
5.41,1.82e-10,60,172344.00000000108,48763.19999999998
5.01,1.82e-10,60,175933.99999999953,51458.20000000012
4.64,1.82e-10,60,179067.99999999852,52718.20000000018
4.3,1.82e-10,60,180643.99999999863,53618.599999999846
3.98,1.82e-10,60,182479.99999999907,55371.00000000002
3.69,1.82e-10,60,185459.9999999997,57122.400000000016
3.41,1.82e-10,60,190756.00000000076,59223.799999999785
3.16,1.82e-10,60,196112.00000000073,61343.000000000065
2.93,1.82e-10,60,200304.000000001,62840.600000000195
2.71,1.82e-10,60,202400.0000000011,63530.80000000011
2.51,1.82e-10,60,203500.00000000108,64115.000000000255
2.33,1.82e-10,60,204560.00000000084,64534.20000000015
2.15,1.82e-10,60,215427.99999999913,68010.20000000049
2.0,1.82e-10,60,219811.99999999852,69170.60000000043
1.85,1.82e-10,60,223273.99999999854,69834.60000000062
1.71,1.82e-10,60,225019.9999999987,70084.60000000033
1.58,1.82e-10,60,232359.9999999993,70832.39999999908
1.47,1.82e-10,60,234949.99999999968,71212.59999999906
1.36,1.82e-10,60,242510.00000000076,71983.59999999915
1.26,1.82e-10,60,246949.9999999995,73345.99999999908
1.17,1.82e-10,60,248574.00000000006,74319.39999999882
1.08,1.82e-10,60,253130.00000000175,74986.80000000032
1.0,1.82e-10,60,253138.00000000175,74989.20000000032
1000000.0,2.06e-10,-5,8644.340000000044,2478.139999999985
912000.0,2.06e-10,-5,8724.460000000066,2314.9199999996686
832000.0,2.06e-10,-5,8693.260000000042,2433.559999999718
759000.0,2.06e-10,-5,8714.300000000043,2608.1399999997
692000.0,2.06e-10,-5,8837.60000000006,3065.419999999867
631000.0,2.06e-10,-5,8900.360000000059,3230.0800000003032
575000.0,2.06e-10,-5,8993.060000000025,3181.9199999997195
525000.0,2.06e-10,-5,9217.220000000007,3260.6199999998685
479000.0,2.06e-10,-5,9429.49999999999,3546.9400000000155
437000.0,2.06e-10,-5,9404.360000000011,3855.6599999998753
398000.0,2.06e-10,-5,9528.220000000005,4017.7600000000443
363000.0,2.06e-10,-5,8909.239999999998,4454.199999999847
331000.0,2.06e-10,-5,9952.480000000029,4576.019999999544
302000.0,2.06e-10,-5,10098.399999999998,4762.4599999995535
275000.0,2.06e-10,-5,10124.380000000036,5298.819999999503
251000.0,2.06e-10,-5,10275.100000000042,5390.499999999826
229000.0,2.06e-10,-5,10393.98000000002,5622.659999999952
209000.0,2.06e-10,-5,10778.799999999974,5990.359999999931
191000.0,2.06e-10,-5,11140.719999999963,6474.200000000205
174000.0,2.06e-10,-5,11172.00000000002,6663.1200000002855
158000.0,2.06e-10,-5,11163.960000000003,7096.90000000013
145000.0,2.06e-10,-5,10907.72,7221.6800000001285
132000.0,2.06e-10,-5,10730.840000000017,7577.31999999997
120000.0,2.06e-10,-5,11687.340000000004,8759.499999999658
110000.0,2.06e-10,-5,11993.740000000045,9276.559999999534
100000.0,2.06e-10,-5,11814.960000000003,9674.03999999983
91200.0,2.06e-10,-5,12371.519999999917,10823.620000000099
83200.0,2.06e-10,-5,12756.539999999908,11428.500000000235
75900.0,2.06e-10,-5,12681.75999999993,11737.00000000025
69200.0,2.06e-10,-5,13171.69999999999,13329.999999999798
63100.0,2.06e-10,-5,13841.69999999998,14289.199999999975
57500.0,2.06e-10,-5,14273.800000000005,15389.999999999874
52500.0,2.06e-10,-5,14603.05999999994,16575.199999999848
47900.0,2.06e-10,-5,15198.200000000035,17964.59999999997
43700.0,2.06e-10,-5,16046.40000000001,19292.20000000042
39800.0,2.06e-10,-5,16826.39999999995,21209.400000000554
36300.0,2.06e-10,-5,17436.799999999897,22515.400000000624
33100.0,2.06e-10,-5,18513.400000000016,24632.20000000032
30200.0,2.06e-10,-5,19741.799999999876,26211.59999999994
27500.0,2.06e-10,-5,21222.40000000003,28746.399999999347
25100.0,2.06e-10,-5,22632.79999999988,30480.400000000176
22900.0,2.06e-10,-5,24462.399999999998,32638.00000000021
20900.0,2.06e-10,-5,26378.799999999985,34868.40000000055
19100.0,2.06e-10,-5,28988.999999999956,37494.40000000073
17400.0,2.06e-10,-5,32048.79999999991,40008.599999999715
15800.0,2.06e-10,-5,36267.00000000011,42920.00000000008
14500.0,2.06e-10,-5,37907.00000000003,43767.79999999981
13200.0,2.06e-10,-5,43534.20000000019,46576.4000000002
12000.0,2.06e-10,-5,46168.400000000096,47164.399999999994
11000.0,2.06e-10,-5,50840.19999999983,48683.60000000021
10000.0,2.06e-10,-5,57414.40000000029,49819.39999999939
9120.0,2.06e-10,-5,61548.39999999994,50216.59999999988
8320.0,2.06e-10,-5,65594.39999999967,50344.99999999974
7590.0,2.06e-10,-5,68121.20000000001,49749.5999999999
6920.0,2.06e-10,-5,74381.40000000005,49439.600000000006
6310.0,2.06e-10,-5,79109.2000000001,48085.79999999962
5750.0,2.06e-10,-5,84134.80000000048,46242.79999999927
5250.0,2.06e-10,-5,88136.0000000005,44859.19999999941
4790.0,2.06e-10,-5,91168.00000000023,42725.59999999917
4370.0,2.06e-10,-5,94817.60000000022,40698.799999999275
3980.0,2.06e-10,-5,97721.39999999962,38072.799999999115
3630.0,2.06e-10,-5,100030.39999999982,35248.20000000014
3310.0,2.06e-10,-5,101139.2000000003,32443.59999999955
3020.0,2.06e-10,-5,102388.20000000029,30516.399999999714
2750.0,2.06e-10,-5,105831.79999999976,27852.39999999981
2510.0,2.06e-10,-5,107059.79999999952,26232.399999999547
2290.0,2.06e-10,-5,108459.60000000018,23256.000000000615
2090.0,2.06e-10,-5,109877.60000000015,20346.400000000496
1910.0,2.06e-10,-5,110626.40000000002,19683.600000000508
1740.0,2.06e-10,-5,111391.99999999939,18446.60000000036
1580.0,2.06e-10,-5,111579.99999999937,16703.140000000218
1450.0,2.06e-10,-5,111855.99999999981,15688.559999999963
1320.0,2.06e-10,-5,112538.00000000041,14145.51999999974
1200.0,2.06e-10,-5,113042.0000000006,11981.860000000346
1100.0,2.06e-10,-5,113228.00000000045,11279.820000000504
1000.0,2.06e-10,-5,113843.99999999971,10548.280000000004
912.0,2.06e-10,-5,113877.99999999974,10066.380000000263
832.0,2.06e-10,-5,113889.99999999971,9734.020000000233
759.0,2.06e-10,-5,113332.00000000042,7606.460000000287
692.0,2.06e-10,-5,113350.0000000004,6896.440000000204
631.0,2.06e-10,-5,113769.99999999991,6933.640000000179
575.0,2.06e-10,-5,113967.99999999965,6462.579999999831
525.0,2.06e-10,-5,113911.99999999971,6145.719999999817
479.0,2.06e-10,-5,113360.00000000042,5949.059999999503
437.0,2.06e-10,-5,113789.99999999993,5758.219999999612
398.0,2.06e-10,-5,113885.99999999975,5467.699999999632
363.0,2.06e-10,-5,113725.99999999988,5467.039999999753
331.0,2.06e-10,-5,113320.00000000044,5674.120000000057
302.0,2.06e-10,-5,113688.00000000001,5838.600000000377
275.0,2.06e-10,-5,113240.0000000005,5565.8999999998305
251.0,2.06e-10,-5,113124.00000000067,5624.479999999572
229.0,2.06e-10,-5,113268.00000000051,6123.41999999965
209.0,2.06e-10,-5,113669.99999999999,6253.3599999995695
191.0,2.06e-10,-5,113674.00000000001,6276.9599999995835
174.0,2.06e-10,-5,113907.99999999975,7160.819999999658
158.0,2.06e-10,-5,114083.99999999974,7855.859999999925
145.0,2.06e-10,-5,114099.99999999974,7885.679999999929
132.0,2.06e-10,-5,114151.99999999977,8623.960000000357
120.0,2.06e-10,-5,114764.00000000003,9059.880000000303
110.0,2.06e-10,-5,114984.00000000016,9431.280000000244
100.0,2.06e-10,-5,115464.00000000033,10630.579999999987
91.2,2.06e-10,-5,116545.20000000068,10520.63999999977
83.2,2.06e-10,-5,116610.80000000064,10914.180000000295
75.9,2.06e-10,-5,116927.20000000052,11032.100000000284
69.2,2.06e-10,-5,117777.99999999991,12684.91999999974
63.1,2.06e-10,-5,117967.99999999993,13217.219999999974
57.5,2.06e-10,-5,118372.79999999986,13632.44000000009
52.5,2.06e-10,-5,117923.1999999998,14517.12000000005
47.9,2.06e-10,-5,119920.19999999955,14018.940000000104
43.7,2.06e-10,-5,120130.19999999947,13283.700000000072
39.8,2.06e-10,-5,122699.99999999904,17168.200000000295
36.3,2.06e-10,-5,122893.99999999901,17431.000000000262
33.1,2.06e-10,-5,123313.99999999972,22403.800000000192
30.2,2.06e-10,-5,124637.9999999996,16008.799999999746
27.5,2.06e-10,-5,128014.00000000055,20486.99999999966
25.1,2.06e-10,-5,129492.0000000002,21242.000000000393
22.9,2.06e-10,-5,131167.99999999956,22698.200000000354
20.9,2.06e-10,-5,131942.00000000012,22937.800000000672
19.1,2.06e-10,-5,132357.80000000005,22940.80000000069
17.4,2.06e-10,-5,135831.9999999996,24080.20000000051
15.8,2.06e-10,-5,137833.99999999924,23945.800000000516
14.5,2.06e-10,-5,138774.00000000003,25331.200000000354
13.2,2.06e-10,-5,141223.99999999965,26173.599999999667
12.0,2.06e-10,-5,143618.00000000017,26372.399999999598
11.0,2.06e-10,-5,144253.99999999994,26857.399999999456
10.0,2.06e-10,-5,146983.99999999942,27368.000000000116
9.12,2.06e-10,-5,148931.99999999898,27869.200000000546
8.32,2.06e-10,-5,149915.99999999985,28446.000000000528
7.59,2.06e-10,-5,151599.99999999945,28389.200000000386
6.92,2.06e-10,-5,153814.00000000035,28353.800000000338
6.31,2.06e-10,-5,156016.00000000081,28522.60000000044
5.75,2.06e-10,-5,159336.0000000009,29018.00000000057
5.25,2.06e-10,-5,160428.0000000002,29137.400000000453
4.79,2.06e-10,-5,161780.000000001,29243.800000000374
4.37,2.06e-10,-5,163345.99999999927,29564.600000000457
3.98,2.06e-10,-5,167015.99999999898,30299.59999999952
3.63,2.06e-10,-5,168443.99999999942,30342.399999999354
3.31,2.06e-10,-5,170196.00000000038,29877.199999999637
3.02,2.06e-10,-5,170931.99999999994,30070.399999999892
2.75,2.06e-10,-5,173298.00000000084,29884.400000000187
2.51,2.06e-10,-5,174833.9999999999,30149.999999999396
2.29,2.06e-10,-5,177386.0,30628.200000000175
2.09,2.06e-10,-5,179099.9999999993,30775.399999999703
1.91,2.06e-10,-5,180256.00000000044,30666.200000000248
1.74,2.06e-10,-5,182356.00000000093,30647.200000000354
1.58,2.06e-10,-5,184956.00000000081,30683.4
1.45,2.06e-10,-5,185989.99999999936,31035.800000000534
1.32,2.06e-10,-5,187045.99999999875,31045.000000000517
1.2,2.06e-10,-5,190837.99999999808,30708.99999999945
1.1,2.06e-10,-5,192079.99999999808,30957.399999999187
1.0,2.06e-10,-5,193055.9999999985,31046.199999999102
1000000.0,2.06e-10,20,5480.600000000004,1841.6800000000515
912000.0,2.06e-10,20,5508.720000000018,1808.0999999999256
832000.0,2.06e-10,20,5490.700000000019,1839.719999999888
759000.0,2.06e-10,20,5409.040000000009,2004.2199999998384
692000.0,2.06e-10,20,5315.199999999997,2092.5199999999654
631000.0,2.06e-10,20,5367.300000000015,2167.7400000002062
575000.0,2.06e-10,20,5479.540000000022,2222.4999999998427
525000.0,2.06e-10,20,5555.360000000014,2376.2799999998656
479000.0,2.06e-10,20,5543.559999999988,2703.820000000047
437000.0,2.06e-10,20,5548.020000000006,2859.02000000004
398000.0,2.06e-10,20,5436.280000000009,3218.579999999854
363000.0,2.06e-10,20,3100.020000000001,5176.179999999929
331000.0,2.06e-10,20,5497.419999999977,3942.019999999646
302000.0,2.06e-10,20,5583.919999999972,3920.799999999606
275000.0,2.06e-10,20,5913.839999999991,3923.2799999997915
251000.0,2.06e-10,20,6205.839999999997,3963.5199999998686
229000.0,2.06e-10,20,6409.379999999991,4323.800000000003
209000.0,2.06e-10,20,6679.539999999993,4777.860000000117
191000.0,2.06e-10,20,6702.540000000026,4952.519999999754
174000.0,2.06e-10,20,6791.8000000000275,5269.219999999781
158000.0,2.06e-10,20,7260.099999999987,5816.379999999626
145000.0,2.06e-10,20,7291.699999999961,5969.919999999705
132000.0,2.06e-10,20,7174.180000000028,6508.959999999682
120000.0,2.06e-10,20,7081.120000000022,7105.699999999789
110000.0,2.06e-10,20,7268.800000000041,7612.859999999583
100000.0,2.06e-10,20,7579.820000000033,8189.31999999993
91200.0,2.06e-10,20,7821.639999999974,8798.080000000498
83200.0,2.06e-10,20,7909.760000000041,9394.579999999787
75900.0,2.06e-10,20,8145.200000000043,10260.14000000031
69200.0,2.06e-10,20,8430.259999999984,11096.639999999848
63100.0,2.06e-10,20,8651.639999999965,11968.900000000354
57500.0,2.06e-10,20,8814.680000000004,12633.20000000005
52500.0,2.06e-10,20,9411.819999999989,13974.200000000246
47900.0,2.06e-10,20,9995.519999999984,15192.599999999744
43700.0,2.06e-10,20,10241.140000000007,16103.999999999727
39800.0,2.06e-10,20,11555.219999999996,18219.999999999647
36300.0,2.06e-10,20,11855.979999999974,19186.199999999564
33100.0,2.06e-10,20,13114.200000000023,20902.19999999943
30200.0,2.06e-10,20,13743.19999999996,22028.000000000226
27500.0,2.06e-10,20,15699.599999999993,24570.80000000029
25100.0,2.06e-10,20,16957.199999999924,26260.599999999635
22900.0,2.06e-10,20,19185.599999999955,28599.999999999876
20900.0,2.06e-10,20,20699.199999999855,30050.4000000005
19100.0,2.06e-10,20,22490.800000000007,31855.400000000518
17400.0,2.06e-10,20,24599.600000000108,33805.799999999595
15800.0,2.06e-10,20,29407.600000000064,36744.80000000003
14500.0,2.06e-10,20,31684.199999999862,37759.40000000037
13200.0,2.06e-10,20,36077.59999999991,39419.80000000016
12000.0,2.06e-10,20,39350.40000000008,40524.79999999997
11000.0,2.06e-10,20,42842.99999999985,40975.800000000294
10000.0,2.06e-10,20,48001.00000000003,41653.00000000003
9120.0,2.06e-10,20,51525.60000000008,41687.79999999959
8320.0,2.06e-10,20,53855.79999999989,41380.20000000003
7590.0,2.06e-10,20,57563.40000000037,40784.2000000005
6920.0,2.06e-10,20,61199.40000000018,40123.00000000021
6310.0,2.06e-10,20,65805.60000000012,38579.000000000284
5750.0,2.06e-10,20,69481.40000000014,36710.20000000006
5250.0,2.06e-10,20,71571.79999999978,34557.19999999968
4790.0,2.06e-10,20,74056.59999999958,33557.600000000384
4370.0,2.06e-10,20,76567.60000000014,31565.19999999977
3980.0,2.06e-10,20,79240.19999999984,29484.39999999978
3630.0,2.06e-10,20,80666.8000000004,27269.40000000032
3310.0,2.06e-10,20,82493.60000000014,24786.400000000893
3020.0,2.06e-10,20,83288.40000000026,23323.200000000827
2750.0,2.06e-10,20,84977.40000000036,21078.799999999675
2510.0,2.06e-10,20,85550.39999999967,19758.400000000012
2290.0,2.06e-10,20,87162.40000000002,17298.67999999973
2090.0,2.06e-10,20,88546.6000000002,15704.31999999975
1910.0,2.06e-10,20,88246.20000000038,14465.3999999998
1740.0,2.06e-10,20,89191.80000000053,13294.839999999851
1580.0,2.06e-10,20,89423.80000000035,11197.160000000256
1450.0,2.06e-10,20,89020.60000000028,10352.160000000435
1320.0,2.06e-10,20,88547.40000000068,9506.120000000434
1200.0,2.06e-10,20,88646.40000000036,8295.37999999985
1100.0,2.06e-10,20,88764.80000000025,7715.579999999806
1000.0,2.06e-10,20,88599.6000000002,6269.63999999968
912.0,2.06e-10,20,88649.00000000017,5768.939999999716
832.0,2.06e-10,20,88531.40000000029,4905.859999999784
759.0,2.06e-10,20,88376.4000000002,4371.619999999755
692.0,2.06e-10,20,88313.99999999971,4060.9999999997467
631.0,2.06e-10,20,88505.99999999984,3767.6799999994932
575.0,2.06e-10,20,87995.00000000025,2874.419999999927
525.0,2.06e-10,20,87784.20000000039,2598.6800000001203
479.0,2.06e-10,20,87740.40000000053,2466.7000000000703
437.0,2.06e-10,20,87587.99999999975,2419.1399999999962
398.0,2.06e-10,20,87578.80000000035,1966.499999999863
363.0,2.06e-10,20,87542.00000000042,1770.299999999816
331.0,2.06e-10,20,87412.19999999963,1563.339999999895
302.0,2.06e-10,20,87217.40000000004,1518.57999999972
275.0,2.06e-10,20,87112.7999999996,1185.3599999996798
251.0,2.06e-10,20,86931.79999999933,1245.0799999996975
229.0,2.06e-10,20,86995.00000000038,1527.7200000001585
209.0,2.06e-10,20,86985.00000000036,1533.2200000001717
191.0,2.06e-10,20,86961.20000000033,1567.9400000001997
174.0,2.06e-10,20,86819.7999999997,1820.5000000002499
158.0,2.06e-10,20,86571.39999999946,1778.9660000002427
145.0,2.06e-10,20,86571.39999999946,1778.9660000002427
132.0,2.06e-10,20,86441.99999999971,1801.820000000441
120.0,2.06e-10,20,85126.99999999999,-2033.9000000003914
110.0,2.06e-10,20,83728.3999999996,-10851.28000000038
100.0,2.06e-10,20,81040.00000000006,6041.159999999699
91.2,2.06e-10,20,81284.60000000011,11670.979999999754
83.2,2.06e-10,20,82234.60000000012,12004.33999999988
75.9,2.06e-10,20,86452.19999999981,4650.220000000256
69.2,2.06e-10,20,86797.40000000017,6269.160000000542
63.1,2.06e-10,20,85313.40000000013,13976.620000000406
57.5,2.06e-10,20,85653.59999999954,13343.58000000067
52.5,2.06e-10,20,86099.19999999959,12766.24000000065
47.9,2.06e-10,20,86841.79999999945,11213.340000000635
43.7,2.06e-10,20,88149.19999999956,6080.780000000333
39.8,2.06e-10,20,88166.79999999967,5832.040000000284
36.3,2.06e-10,20,85182.0,4815.719999999887
33.1,2.06e-10,20,89364.40000000056,7275.719999999611
30.2,2.06e-10,20,90900.59999999973,6707.040000000049
27.5,2.06e-10,20,91587.39999999934,8236.719999999881
25.1,2.06e-10,20,91295.00000000013,7977.960000000189
22.9,2.06e-10,20,91830.99999999956,8634.539999999668
20.9,2.06e-10,20,89583.39999999957,-268.39999999975265
19.1,2.06e-10,20,81037.39999999972,-32919.83999999993
17.4,2.06e-10,20,86402.39999999953,5290.720000000088
15.8,2.06e-10,20,65522.40000000025,49001.95999999967
14.5,2.06e-10,20,90907.20000000061,1077.0999999995165
13.2,2.06e-10,20,96137.60000000037,6776.899999999978
12.0,2.06e-10,20,92995.1999999996,4620.0599999999085
11.0,2.06e-10,20,89284.00000000022,-25862.400000000067
10.0,2.06e-10,20,93110.19999999968,23044.43999999943
9.12,2.06e-10,20,98846.39999999967,12905.319999999801
8.32,2.06e-10,20,99656.20000000033,12873.460000000041
7.59,2.06e-10,20,100825.59999999989,13189.799999999845
6.92,2.06e-10,20,102354.00000000048,14578.79999999992
6.31,2.06e-10,20,103534.80000000073,14521.600000000284
5.75,2.06e-10,20,104245.80000000085,14639.600000000231
5.25,2.06e-10,20,104993.80000000079,14901.000000000044
4.79,2.06e-10,20,106253.80000000073,15298.99999999983
4.37,2.06e-10,20,106884.00000000012,15556.599999999793
3.98,2.06e-10,20,108313.99999999929,15634.999999999744
3.63,2.06e-10,20,109140.0,15975.400000000143
3.31,2.06e-10,20,110285.99999999935,16339.00000000023
3.02,2.06e-10,20,111571.9999999993,16572.600000000257
2.75,2.06e-10,20,112671.99999999937,16641.200000000277
2.51,2.06e-10,20,113153.99999999933,16733.400000000278
2.29,2.06e-10,20,115635.99999999942,17305.800000000265
2.09,2.06e-10,20,116675.99999999945,17516.600000000264
1.91,2.06e-10,20,118493.99999999968,17950.20000000023
1.74,2.06e-10,20,118843.99999999972,18036.800000000247
1.58,2.06e-10,20,118983.99999999974,18066.800000000232
1.45,2.06e-10,20,119791.99999999968,18310.400000000052
1.32,2.06e-10,20,120719.99999999958,18544.400000000136
1.2,2.06e-10,20,122583.99999999965,18963.20000000031
1.1,2.06e-10,20,123560.00000000009,19109.79999999956
1.0,2.06e-10,20,124473.9999999998,19222.19999999979
1000000.0,2.06e-10,25,3946.740000000005,1493.6599999997184
912000.0,2.06e-10,25,3977.0199999999954,1564.4399999998914
832000.0,2.06e-10,25,3985.799999999998,1609.9799999997667
759000.0,2.06e-10,25,4079.4599999999905,1707.9199999998189
692000.0,2.06e-10,25,4191.399999999989,1765.1200000000888
631000.0,2.06e-10,25,4246.240000000022,1855.7400000001128
575000.0,2.06e-10,25,4230.979999999998,2021.9399999997784
525000.0,2.06e-10,25,4348.2,2108.379999999683
479000.0,2.06e-10,25,4390.619999999986,2256.9799999997185
437000.0,2.06e-10,25,4468.980000000011,2398.84000000046
398000.0,2.06e-10,25,4546.419999999987,2566.5400000000736
363000.0,2.06e-10,25,4469.960000000018,2791.600000000152
331000.0,2.06e-10,25,4517.880000000011,3008.780000000149
302000.0,2.06e-10,25,4670.760000000024,3138.6200000002527
275000.0,2.06e-10,25,4792.920000000016,3354.699999999983
251000.0,2.06e-10,25,4853.1799999999985,3577.420000000097
229000.0,2.06e-10,25,5011.599999999988,3852.18000000029
209000.0,2.06e-10,25,5098.4000000000015,4118.160000000101
191000.0,2.06e-10,25,5202.5400000000045,4389.759999999735
174000.0,2.06e-10,25,5310.980000000027,4768.239999999978
158000.0,2.06e-10,25,5546.239999999998,5359.439999999958
145000.0,2.06e-10,25,5680.539999999984,5571.859999999924
132000.0,2.06e-10,25,5753.91999999999,5899.1599999999535
120000.0,2.06e-10,25,5797.079999999974,6423.260000000248
110000.0,2.06e-10,25,5994.800000000012,6966.23999999963
100000.0,2.06e-10,25,6157.5000000000255,7521.559999999799
91200.0,2.06e-10,25,6437.6200000000035,8150.2600000003995
83200.0,2.06e-10,25,6657.220000000033,8812.460000000241
75900.0,2.06e-10,25,6878.299999999981,9578.460000000445
69200.0,2.06e-10,25,7061.879999999981,10291.780000000143
63100.0,2.06e-10,25,7348.959999999967,11136.900000000232
57500.0,2.06e-10,25,7644.08,11998.200000000128
52500.0,2.06e-10,25,8274.439999999999,13199.40000000052
47900.0,2.06e-10,25,8687.900000000021,14293.200000000323
43700.0,2.06e-10,25,9165.36000000002,15380.19999999992
39800.0,2.06e-10,25,10682.499999999973,17541.200000000063
36300.0,2.06e-10,25,10774.539999999952,18146.20000000002
33100.0,2.06e-10,25,12559.780000000012,20286.99999999962
30200.0,2.06e-10,25,12703.99999999996,20994.60000000055
27500.0,2.06e-10,25,13824.399999999936,22540.000000000557
25100.0,2.06e-10,25,15007.799999999961,24049.79999999953
22900.0,2.06e-10,25,16866.79999999996,25836.599999999566
20900.0,2.06e-10,25,18622.399999999947,27207.19999999995
19100.0,2.06e-10,25,20496.99999999996,29198.599999999613
17400.0,2.06e-10,25,22885.60000000008,30233.99999999982
15800.0,2.06e-10,25,27193.19999999996,32661.19999999993
14500.0,2.06e-10,25,28448.999999999905,34129.200000000375
13200.0,2.06e-10,25,32117.79999999998,35684.40000000037
12000.0,2.06e-10,25,35591.99999999984,36776.40000000079
11000.0,2.06e-10,25,38221.599999999846,37010.20000000044
10000.0,2.06e-10,25,42533.20000000014,37084.79999999986
9120.0,2.06e-10,25,47344.39999999979,36871.40000000024
8320.0,2.06e-10,25,48914.59999999965,36900.40000000043
7590.0,2.06e-10,25,51629.399999999645,36307.400000000926
6920.0,2.06e-10,25,54984.59999999982,35613.000000001026
6310.0,2.06e-10,25,60318.80000000012,33680.800000000694
5750.0,2.06e-10,25,63040.800000000236,31442.40000000041
5250.0,2.06e-10,25,64799.600000000275,30625.80000000032
4790.0,2.06e-10,25,66054.2000000001,29628.40000000031
4370.0,2.06e-10,25,68779.59999999986,27624.7999999998
3980.0,2.06e-10,25,70947.39999999956,26037.199999999626
3630.0,2.06e-10,25,72615.99999999967,23787.199999999575
3310.0,2.06e-10,25,74388.2000000001,20744.400000000274
3020.0,2.06e-10,25,75000.80000000019,20276.200000000455
2750.0,2.06e-10,25,76250.9999999998,18140.200000000168
2510.0,2.06e-10,25,76418.79999999976,17700.220000000172
2290.0,2.06e-10,25,76778.19999999994,14876.159999999343
2090.0,2.06e-10,25,77656.39999999957,13789.739999999594
1910.0,2.06e-10,25,78241.79999999961,13048.219999999703
1740.0,2.06e-10,25,78741.99999999958,10866.059999999981
1580.0,2.06e-10,25,78903.19999999959,8525.580000000291
1450.0,2.06e-10,25,78883.1999999996,8435.060000000301
1320.0,2.06e-10,25,79128.59999999964,8284.600000000357
1200.0,2.06e-10,25,79316.20000000043,7254.880000000048
1100.0,2.06e-10,25,79412.20000000067,6796.440000000308
1000.0,2.06e-10,25,79515.60000000073,5832.41999999997
912.0,2.06e-10,25,79526.0000000007,5227.419999999856
832.0,2.06e-10,25,79517.40000000063,4919.283999999822
759.0,2.06e-10,25,79544.40000000045,4075.903999999936
692.0,2.06e-10,25,79411.20000000036,3545.9459999999294
631.0,2.06e-10,25,79285.79999999984,3140.085999999806
575.0,2.06e-10,25,79224.79999999967,2785.0059999997993
525.0,2.06e-10,25,79156.79999999962,2024.8859999998783
479.0,2.06e-10,25,79153.99999999962,2012.9259999998585
437.0,2.06e-10,25,79042.5999999997,1787.473999999656
398.0,2.06e-10,25,78995.1999999998,1641.7579999996083
363.0,2.06e-10,25,78916.20000000027,1187.3659999998222
331.0,2.06e-10,25,78881.60000000021,1119.1559999997992
302.0,2.06e-10,25,78869.00000000022,1021.1259999999697
275.0,2.06e-10,25,78680.79999999965,965.0959999995624
251.0,2.06e-10,25,78649.59999999963,949.0279999996361
229.0,2.06e-10,25,78376.7999999997,880.9480000002224
209.0,2.06e-10,25,78278.7999999998,866.4560000003393
191.0,2.06e-10,25,78247.59999999983,856.3840000003946
174.0,2.06e-10,25,78153.59999999992,884.8040000001009
158.0,2.06e-10,25,78123.39999999992,827.6680000001234
145.0,2.06e-10,25,78110.59999999993,849.3640000000335
132.0,2.06e-10,25,78095.99999999999,1070.6999999997533
120.0,2.06e-10,25,78092.80000000009,1131.917999999767
110.0,2.06e-10,25,78165.60000000027,652.920000000067
100.0,2.06e-10,25,78081.8000000001,1573.590000000088
91.2,2.06e-10,25,78059.6000000003,1908.5420000001302
83.2,2.06e-10,25,78063.20000000035,2035.5600000002116
75.9,2.06e-10,25,78071.00000000032,1897.1800000003043
69.2,2.06e-10,25,78264.59999999999,2419.220000000255
63.1,2.06e-10,25,78373.59999999974,2694.860000000089
57.5,2.06e-10,25,78433.39999999956,2597.9199999997177
52.5,2.06e-10,25,78147.5999999998,2274.7799999997196
47.9,2.06e-10,25,78191.00000000003,2428.359999999819
43.7,2.06e-10,25,78697.60000000066,3421.3200000000725
39.8,2.06e-10,25,78864.40000000052,4036.3000000000275
36.3,2.06e-10,25,78993.60000000003,4295.340000000235
33.1,2.06e-10,25,79408.20000000017,4552.679999999812
30.2,2.06e-10,25,79600.59999999974,4837.819999999776
27.5,2.06e-10,25,79947.59999999973,5271.040000000192
25.1,2.06e-10,25,80193.20000000001,5537.639999999913
22.9,2.06e-10,25,80470.19999999994,5940.0999999998885
20.9,2.06e-10,25,80719.59999999996,5341.679999999603
19.1,2.06e-10,25,80435.19999999963,-620.8000000003369
17.4,2.06e-10,25,81626.1999999999,6312.639999999741
15.8,2.06e-10,25,78837.39999999985,14881.480000000498
14.5,2.06e-10,25,83220.1999999998,6630.420000000373
13.2,2.06e-10,25,83291.20000000013,8058.37999999982
12.0,2.06e-10,25,83664.19999999991,8224.899999999854
11.0,2.06e-10,25,84201.20000000061,2285.9000000001392
10.0,2.06e-10,25,84859.40000000005,10231.060000000569
9.12,2.06e-10,25,84800.40000000001,9612.880000000545
8.32,2.06e-10,25,85294.39999999995,9817.180000000404
7.59,2.06e-10,25,86149.59999999985,10205.26000000026
6.92,2.06e-10,25,87032.19999999962,10644.319999999907
6.31,2.06e-10,25,87579.59999999934,10844.240000000003
5.75,2.06e-10,25,87726.79999999945,10976.140000000014
5.25,2.06e-10,25,89062.0000000001,11612.220000000032
4.79,2.06e-10,25,89384.0000000001,11771.020000000057
4.37,2.06e-10,25,90458.0000000004,12196.860000000086
3.98,2.06e-10,25,91279.79999999971,12487.80000000023
3.63,2.06e-10,25,91938.80000000026,12636.999999999829
3.31,2.06e-10,25,93009.3999999998,13092.000000000202
3.02,2.06e-10,25,93663.7999999996,13332.400000000318
2.75,2.06e-10,25,94790.19999999939,13702.000000000613
2.51,2.06e-10,25,95406.60000000027,13811.000000000071
2.29,2.06e-10,25,96952.40000000075,14201.800000000358
2.09,2.06e-10,25,97689.40000000087,14413.800000000545
1.91,2.06e-10,25,98078.80000000083,14577.200000000676
1.74,2.06e-10,25,99003.60000000049,14865.19999999994
1.58,2.06e-10,25,100579.99999999983,15119.000000000187
1.45,2.06e-10,25,100847.5999999998,15358.40000000027
1.32,2.06e-10,25,101623.40000000029,15456.60000000024
1.2,2.06e-10,25,103249.40000000063,15892.799999999985
1.1,2.06e-10,25,103325.80000000066,15910.399999999958
1.0,2.06e-10,25,103368.2000000007,15921.399999999963
1000000.0,2.06e-10,55,3461.0199999999945,1325.4800000001549
912000.0,2.06e-10,55,3484.120000000001,1428.2000000003472
832000.0,2.06e-10,55,3490.2200000000007,1432.4800000003765
759000.0,2.06e-10,55,3597.379999999994,1564.9599999999864
692000.0,2.06e-10,55,3591.840000000001,1611.5000000000628
631000.0,2.06e-10,55,3619.1599999999853,1720.7599999998233
575000.0,2.06e-10,55,3636.7599999999907,1840.4999999998067
525000.0,2.06e-10,55,3742.3999999999896,1965.4999999999427
479000.0,2.06e-10,55,3818.240000000012,2105.060000000355
437000.0,2.06e-10,55,3802.7200000000116,2217.0800000001714
398000.0,2.06e-10,55,3878.1600000000035,2404.1800000003095
363000.0,2.06e-10,55,4006.8599999999856,2518.540000000236
331000.0,2.06e-10,55,4094.7999999999984,2782.1800000003213
302000.0,2.06e-10,55,4144.119999999994,2876.800000000317
275000.0,2.06e-10,55,4216.879999999991,3070.7200000000707
251000.0,2.06e-10,55,4253.819999999983,3265.6799999999416
229000.0,2.06e-10,55,4252.179999999997,3538.2600000001776
209000.0,2.06e-10,55,4436.239999999977,3785.9199999999028
191000.0,2.06e-10,55,4601.199999999998,4062.7999999996423
174000.0,2.06e-10,55,4722.039999999972,4402.540000000099
158000.0,2.06e-10,55,4795.1799999999885,4733.479999999857
145000.0,2.06e-10,55,4707.219999999989,5028.359999999896
132000.0,2.06e-10,55,4822.799999999995,5332.25999999998
120000.0,2.06e-10,55,5126.260000000009,5806.060000000379
110000.0,2.06e-10,55,5208.839999999992,6273.82000000004
100000.0,2.06e-10,55,5358.999999999986,6746.360000000413
91200.0,2.06e-10,55,5612.039999999989,7363.160000000289
83200.0,2.06e-10,55,5751.460000000035,7937.100000000389
75900.0,2.06e-10,55,6048.840000000032,8720.17999999967
69200.0,2.06e-10,55,6242.180000000038,9271.999999999416
63100.0,2.06e-10,55,6502.879999999994,10215.039999999886
57500.0,2.06e-10,55,6913.31999999998,10802.91999999982
52500.0,2.06e-10,55,7361.420000000025,11666.139999999881
47900.0,2.06e-10,55,7826.079999999998,12595.199999999799
43700.0,2.06e-10,55,8310.000000000055,13566.000000000387
39800.0,2.06e-10,55,9079.219999999994,14951.200000000279
36300.0,2.06e-10,55,9739.47999999999,15740.199999999435
33100.0,2.06e-10,55,10544.680000000026,16889.200000000186
30200.0,2.06e-10,55,11479.88,18077.400000000503
27500.0,2.06e-10,55,12531.639999999945,19293.399999999616
25100.0,2.06e-10,55,13857.039999999914,20710.399999999878
22900.0,2.06e-10,55,14500.199999999955,21571.59999999993
20900.0,2.06e-10,55,16325.799999999987,22832.800000000178
19100.0,2.06e-10,55,18991.200000000077,24511.20000000028
17400.0,2.06e-10,55,20055.800000000083,25136.40000000026
15800.0,2.06e-10,55,22414.19999999985,26344.000000000487
14500.0,2.06e-10,55,24728.99999999984,27296.59999999949
13200.0,2.06e-10,55,27272.400000000023,27976.399999999485
12000.0,2.06e-10,55,29230.999999999964,28356.999999999847
11000.0,2.06e-10,55,32354.800000000112,28880.80000000036
10000.0,2.06e-10,55,36498.00000000007,29277.99999999992
9120.0,2.06e-10,55,38911.400000000125,29191.20000000022
8320.0,2.06e-10,55,41778.1999999997,28502.800000000472
7590.0,2.06e-10,55,44476.40000000026,27775.79999999963
6920.0,2.06e-10,55,46616.60000000025,27039.200000000004
6310.0,2.06e-10,55,49376.600000000246,25781.399999999667
5750.0,2.06e-10,55,51022.20000000041,24776.60000000041
5250.0,2.06e-10,55,52626.600000000166,23487.200000000103
4790.0,2.06e-10,55,54726.59999999979,22172.400000000594
4370.0,2.06e-10,55,55841.60000000028,21064.40000000002
3980.0,2.06e-10,55,56989.20000000027,19860.399999999416
3630.0,2.06e-10,55,58130.00000000009,18210.400000000085
3310.0,2.06e-10,55,59666.800000000345,16812.60000000039
3020.0,2.06e-10,55,60308.80000000007,16094.799999999856
2750.0,2.06e-10,55,60823.599999999984,13678.879999999903
2510.0,2.06e-10,55,61341.99999999985,13403.679999999635
2290.0,2.06e-10,55,62391.59999999976,12270.599999999644
2090.0,2.06e-10,55,63024.40000000014,11616.919999999736
1910.0,2.06e-10,55,63437.20000000002,10785.53999999988
1740.0,2.06e-10,55,63607.000000000015,9240.379999999996
1580.0,2.06e-10,55,64055.000000000095,8776.919999999838
1450.0,2.06e-10,55,64352.4000000003,8066.500000000219
1320.0,2.06e-10,55,64574.00000000016,7456.840000000015
1200.0,2.06e-10,55,64522.39999999992,6440.960000000339
1100.0,2.06e-10,55,64685.60000000007,6008.800000000222
1000.0,2.06e-10,55,65075.200000000164,5359.779999999842
912.0,2.06e-10,55,65398.6000000001,5014.880000000069
832.0,2.06e-10,55,65195.19999999998,4400.1200000000945
759.0,2.06e-10,55,65560.2,4171.000000000416
692.0,2.06e-10,55,65478.999999999935,3810.719999999823
631.0,2.06e-10,55,65696.79999999994,3414.03999999995
575.0,2.06e-10,55,65776.79999999974,3069.5800000000854
525.0,2.06e-10,55,65774.19999999981,2847.1999999998357
479.0,2.06e-10,55,65759.00000000016,2665.099999999548
437.0,2.06e-10,55,65893.60000000049,2289.539999999597
398.0,2.06e-10,55,65898.00000000047,2051.779999999829
363.0,2.06e-10,55,65862.79999999981,1934.6800000002472
331.0,2.06e-10,55,65878.3999999997,1765.2799999999922
302.0,2.06e-10,55,65974.1999999998,1720.9719999997583
275.0,2.06e-10,55,65941.99999999997,1506.4359999999717
251.0,2.06e-10,55,65830.39999999989,1449.1500000001085
229.0,2.06e-10,55,65775.80000000013,1327.239999999635
209.0,2.06e-10,55,65959.8,1298.7799999997735
191.0,2.06e-10,55,65937.20000000024,1335.8799999997339
174.0,2.06e-10,55,65988.1999999999,1240.2600000001614
158.0,2.06e-10,55,65943.00000000025,1212.6800000003468
145.0,2.06e-10,55,66007.79999999977,1242.9799999997601
132.0,2.06e-10,55,65877.59999999964,1254.2999999995936
120.0,2.06e-10,55,65860.59999999966,1243.3599999999667
110.0,2.06e-10,55,65950.59999999977,1311.7599999998745
100.0,2.06e-10,55,66000.59999999982,1324.2800000000718
91.2,2.06e-10,55,66002.9999999998,1515.3800000003168
83.2,2.06e-10,55,66024.5999999997,1524.8000000005009
75.9,2.06e-10,55,66098.59999999945,1622.9599999998677
69.2,2.06e-10,55,66126.99999999958,1700.0000000001135
63.1,2.06e-10,55,66221.19999999997,1888.300000000189
57.5,2.06e-10,55,66319.79999999986,2110.5999999998576
52.5,2.06e-10,55,66264.3999999995,2213.879999999738
47.9,2.06e-10,55,65544.00000000004,1872.9600000000146
43.7,2.06e-10,55,66400.60000000065,2505.339999999957
39.8,2.06e-10,55,66401.80000000054,2729.5399999995557
36.3,2.06e-10,55,66320.40000000002,2826.199999999932
33.1,2.06e-10,55,66777.79999999951,3169.800000000129
30.2,2.06e-10,55,66869.39999999985,3318.7999999998874
27.5,2.06e-10,55,66965.20000000004,3577.92000000027
25.1,2.06e-10,55,67105.80000000016,3893.0200000001796
22.9,2.06e-10,55,67252.00000000033,4090.220000000136
20.9,2.06e-10,55,67495.20000000032,4328.200000000217
19.1,2.06e-10,55,67410.80000000015,4482.91999999999
17.4,2.06e-10,55,67802.40000000008,4835.659999999887
15.8,2.06e-10,55,68200.60000000003,5206.360000000157
14.5,2.06e-10,55,68460.00000000015,5449.239999999731
13.2,2.06e-10,55,68860.60000000014,5801.939999999785
12.0,2.06e-10,55,69227.19999999988,6211.359999999898
11.0,2.06e-10,55,69728.20000000011,6536.90000000027
10.0,2.06e-10,55,69867.20000000039,6817.499999999965
9.12,2.06e-10,55,70460.2000000005,7173.100000000369
8.32,2.06e-10,55,70490.60000000003,7357.040000000355
7.59,2.06e-10,55,71103.40000000047,7772.920000000089
6.92,2.06e-10,55,71853.60000000056,8290.52000000043
6.31,2.06e-10,55,72380.40000000037,8572.099999999791
5.75,2.06e-10,55,73052.20000000033,9023.939999999688
5.25,2.06e-10,55,73552.0,9372.52000000021
4.79,2.06e-10,55,74082.39999999953,9611.91999999998
4.37,2.06e-10,55,74656.60000000008,10139.49999999963
3.98,2.06e-10,55,75295.6000000004,10405.199999999966
3.63,2.06e-10,55,75474.20000000046,10624.739999999714
3.31,2.06e-10,55,76471.20000000006,10977.980000000252
3.02,2.06e-10,55,76894.19999999994,11250.339999999655
2.75,2.06e-10,55,78251.99999999964,11786.939999999746
2.51,2.06e-10,55,79047.79999999957,11999.360000000139
2.29,2.06e-10,55,79724.79999999955,12324.979999999605
2.09,2.06e-10,55,80466.6,12644.600000000019
1.91,2.06e-10,55,81428.79999999994,12964.000000000387
1.74,2.06e-10,55,82325.39999999938,13174.199999999753
1.58,2.06e-10,55,83165.1999999995,13425.999999999785
1.45,2.06e-10,55,83848.39999999985,13735.60000000041
1.32,2.06e-10,55,84716.80000000015,13987.40000000013
1.2,2.06e-10,55,85819.40000000004,14180.200000000028
1.1,2.06e-10,55,86621.19999999974,14429.799999999766
1.0,2.06e-10,55,87317.80000000028,14499.599999999733
1000000.0,2.06e-10,60,2168.3000000000047,961.3900000005267
912000.0,2.06e-10,60,2200.8999999999996,997.4840000005146
832000.0,2.06e-10,60,2176.3599999999965,1017.4760000002859
759000.0,2.06e-10,60,2175.079999999999,1066.1600000002852
692000.0,2.06e-10,60,2282.799999999998,1176.5000000001103
631000.0,2.06e-10,60,2315.9999999999964,1242.019999999933
575000.0,2.06e-10,60,2269.479999999999,1293.1599999999498
525000.0,2.06e-10,60,2252.5600000000045,1370.2199999996592
479000.0,2.06e-10,60,2281.399999999999,1481.5600000000704
437000.0,2.06e-10,60,2384.499999999999,1601.6800000002604
398000.0,2.06e-10,60,2391.399999999997,1724.860000000069
363000.0,2.06e-10,60,2472.2199999999957,1852.200000000003
331000.0,2.06e-10,60,2506.019999999996,1978.2799999999847
302000.0,2.06e-10,60,2573.4400000000046,2168.379999999654
275000.0,2.06e-10,60,2586.159999999992,2306.239999999685
251000.0,2.06e-10,60,2646.400000000006,2510.919999999729
229000.0,2.06e-10,60,2624.8200000000065,2668.859999999534
209000.0,2.06e-10,60,2681.660000000007,2938.579999999659
191000.0,2.06e-10,60,2733.960000000012,3140.739999999591
174000.0,2.06e-10,60,2772.8199999999965,3415.840000000283
158000.0,2.06e-10,60,2832.4799999999996,3735.9800000003434
145000.0,2.06e-10,60,2908.3799999999983,4045.240000000126
132000.0,2.06e-10,60,3159.4200000000046,4483.219999999678
120000.0,2.06e-10,60,3313.8599999999933,4939.899999999751
110000.0,2.06e-10,60,3495.679999999993,5384.459999999838
100000.0,2.06e-10,60,3636.3799999999846,5865.01999999966
91200.0,2.06e-10,60,3710.2600000000084,6384.219999999754
83200.0,2.06e-10,60,3986.5199999999977,6949.2200000000985
75900.0,2.06e-10,60,4086.719999999999,7457.679999999719
69200.0,2.06e-10,60,4374.699999999994,8193.620000000255
63100.0,2.06e-10,60,4607.420000000009,8880.92000000034
57500.0,2.06e-10,60,4874.820000000013,9559.720000000101
52500.0,2.06e-10,60,5557.82000000001,10663.980000000309
47900.0,2.06e-10,60,5912.519999999999,11411.080000000336
43700.0,2.06e-10,60,6487.160000000041,12511.800000000476
39800.0,2.06e-10,60,6892.299999999974,13531.400000000118
36300.0,2.06e-10,60,7446.379999999965,14535.79999999986
33100.0,2.06e-10,60,8227.699999999997,15607.599999999671
30200.0,2.06e-10,60,9381.49999999999,16875.600000000362
27500.0,2.06e-10,60,10490.42000000002,18302.600000000097
25100.0,2.06e-10,60,11758.15999999998,19572.999999999818
22900.0,2.06e-10,60,12431.800000000048,20602.3999999996
20900.0,2.06e-10,60,13823.19999999993,21886.19999999982
19100.0,2.06e-10,60,15942.200000000008,23328.199999999844
17400.0,2.06e-10,60,17404.00000000001,24505.8000000002
15800.0,2.06e-10,60,19039.200000000088,25592.999999999825
14500.0,2.06e-10,60,21295.000000000102,26571.199999999943
13200.0,2.06e-10,60,24161.400000000016,27308.99999999964
12000.0,2.06e-10,60,25886.799999999883,28178.19999999938
11000.0,2.06e-10,60,28582.800000000036,28869.79999999973
10000.0,2.06e-10,60,31429.599999999995,29220.99999999921
9120.0,2.06e-10,60,35321.1999999999,29408.39999999965
8320.0,2.06e-10,60,38412.99999999963,29151.79999999993
7590.0,2.06e-10,60,41215.7999999999,28599.399999999907
6920.0,2.06e-10,60,43426.80000000032,27845.6000000005
6310.0,2.06e-10,60,46147.20000000035,26809.000000000364
5750.0,2.06e-10,60,48037.00000000019,25866.800000000025
5250.0,2.06e-10,60,49957.99999999995,24650.20000000035
4790.0,2.06e-10,60,52602.00000000001,23091.000000000575
4370.0,2.06e-10,60,53871.800000000316,21904.40000000024
3980.0,2.06e-10,60,55044.600000000086,20691.999999999567
3630.0,2.06e-10,60,56460.20000000019,19140.60000000026
3310.0,2.06e-10,60,58055.40000000011,17237.20000000011
3020.0,2.06e-10,60,58711.39999999971,16717.39999999988
2750.0,2.06e-10,60,59510.999999999956,14257.479999999874
2510.0,2.06e-10,60,60093.799999999865,13793.279999999673
2290.0,2.06e-10,60,60853.00000000002,12914.719999999523
2090.0,2.06e-10,60,61370.600000000166,11950.040000000346
1910.0,2.06e-10,60,61742.79999999998,11173.200000000394
1740.0,2.06e-10,60,62165.19999999986,9786.640000000027
1580.0,2.06e-10,60,62575.39999999985,9125.299999999894
1450.0,2.06e-10,60,62817.40000000001,8214.940000000059
1320.0,2.06e-10,60,62901.40000000001,7636.940000000244
1200.0,2.06e-10,60,63016.200000000055,6718.140000000058
1100.0,2.06e-10,60,63212.80000000047,6181.560000000138
1000.0,2.06e-10,60,63261.20000000019,5505.939999999817
912.0,2.06e-10,60,63457.399999999805,5035.259999999988
832.0,2.06e-10,60,63383.19999999994,4401.140000000051
759.0,2.06e-10,60,63597.00000000013,4101.080000000097
692.0,2.06e-10,60,63495.6000000002,3593.640000000058
631.0,2.06e-10,60,63445.60000000006,3166.024000000145
575.0,2.06e-10,60,63355.59999999995,2679.6420000003222
525.0,2.06e-10,60,63488.60000000001,2574.842000000312
479.0,2.06e-10,60,63574.19999999992,2363.782000000322
437.0,2.06e-10,60,63592.199999999895,2188.2040000003713
398.0,2.06e-10,60,63604.39999999992,1925.4300000005362
363.0,2.06e-10,60,63611.5999999999,1820.39000000053
331.0,2.06e-10,60,63693.79999999991,1423.004000000279
302.0,2.06e-10,60,63682.39999999991,1295.3680000002482
275.0,2.06e-10,60,63693.39999999992,1115.5200000003695
251.0,2.06e-10,60,63693.39999999992,1048.9920000003938
229.0,2.06e-10,60,63685.79999999993,916.7080000003363
209.0,2.06e-10,60,63672.999999999985,882.9300000002486
191.0,2.06e-10,60,63623.00000000016,851.9520000000392
174.0,2.06e-10,60,63600.40000000024,800.6439999996467
158.0,2.06e-10,60,63600.20000000025,724.5679999998596
145.0,2.06e-10,60,63601.40000000024,715.8319999998582
132.0,2.06e-10,60,63611.80000000021,698.0800000001415
120.0,2.06e-10,60,63690.59999999993,700.0380000004469
110.0,2.06e-10,60,63695.199999999895,705.4680000004483
100.0,2.06e-10,60,63698.79999999991,736.718000000524
91.2,2.06e-10,60,63701.39999999991,772.1019999999285
83.2,2.06e-10,60,63710.19999999993,794.3819999999137
75.9,2.06e-10,60,63730.800000000076,833.85199999983
69.2,2.06e-10,60,63781.20000000035,910.5240000001093
63.1,2.06e-10,60,63809.80000000042,990.4220000001504
57.5,2.06e-10,60,63850.200000000164,1079.4860000000738
52.5,2.06e-10,60,63732.200000000186,1689.679999999867
47.9,2.06e-10,60,63914.99999999974,986.1880000003395
43.7,2.06e-10,60,64002.59999999965,1162.800000000334
39.8,2.06e-10,60,64011.59999999975,1628.740000000188
36.3,2.06e-10,60,63984.800000000076,1742.8999999997332
33.1,2.06e-10,60,64161.80000000029,1878.2999999998538
30.2,2.06e-10,60,64279.800000000134,2016.8199999998576
27.5,2.06e-10,60,64419.60000000019,2255.1199999999644
25.1,2.06e-10,60,64556.20000000031,2630.400000000055
22.9,2.06e-10,60,64549.40000000037,2690.0600000000586
20.9,2.06e-10,60,64655.00000000039,2815.920000000091
19.1,2.06e-10,60,64853.200000000266,2996.819999999817
17.4,2.06e-10,60,64960.600000000224,3251.599999999969
15.8,2.06e-10,60,65189.39999999991,3577.58000000024
14.5,2.06e-10,60,65276.00000000018,3798.500000000406
13.2,2.06e-10,60,65400.200000000135,3972.7200000002595
12.0,2.06e-10,60,65731.99999999993,4330.439999999919
11.0,2.06e-10,60,65925.00000000026,4601.91999999995
10.0,2.06e-10,60,66235.19999999959,5046.099999999654
9.12,2.06e-10,60,66445.99999999967,5320.659999999652
8.32,2.06e-10,60,66604.59999999973,5490.0199999993565
7.59,2.06e-10,60,66919.19999999997,5858.899999999497
6.92,2.06e-10,60,67504.40000000026,6434.6399999997
6.31,2.06e-10,60,67617.60000000014,6632.159999999734
5.75,2.06e-10,60,68090.4000000001,7058.440000000234
5.25,2.06e-10,60,68591.40000000011,7492.960000000247
4.79,2.06e-10,60,68954.80000000002,7839.44000000002
4.37,2.06e-10,60,69493.79999999997,8253.860000000004
3.98,2.06e-10,60,70134.19999999994,8766.400000000094
3.63,2.06e-10,60,70373.20000000004,8967.760000000248
3.31,2.06e-10,60,71153.79999999983,9524.420000000151
3.02,2.06e-10,60,71619.79999999984,9833.699999999824
2.75,2.06e-10,60,72635.79999999973,10409.019999999655
2.51,2.06e-10,60,73032.9999999997,10645.7199999998
2.29,2.06e-10,60,73764.19999999965,11081.760000000224
2.09,2.06e-10,60,74287.39999999964,11373.400000000507
1.91,2.06e-10,60,75722.20000000038,12008.600000000124
1.74,2.06e-10,60,76288.60000000028,12265.800000000041
1.58,2.06e-10,60,77178.39999999983,12736.199999999822
1.45,2.06e-10,60,77949.80000000018,13051.80000000028
1.32,2.06e-10,60,78323.20000000007,13223.2000000003
1.2,2.06e-10,60,79725.99999999943,13781.600000000408
1.1,2.06e-10,60,80500.99999999997,14002.599999999782
1.0,2.06e-10,60,81315.3999999998,14279.399999999627
